<?xml version="1.0" encoding="UTF-8" standalone="yes"?>
<addon id="plugin.video.newsApp"
    name="News App"
    version="1.0.1"
    provider-name="codingPF">
    <requires>
        <import addon="xbmc.python" version="2.25.0"/>
    </requires>
    <extension
        point="xbmc.python.pluginsource"
        library="addon.py">
        <provides>video</provides>
    </extension>
    <extension point="xbmc.addon.metadata">
        <summary lang="de_DE">News App</summary>
        <summary lang="en_GB">News App</summary>
        <description lang="de_DE">News aus der Tagesschau App und ZDF Heute App</description>
        <description lang="en_GB">News from Tagessschau App and ZDF Heute App</description>
        <news>
v1.0.1 
- fix for Kodi19 binary download issue
		</news>
		<platform>all</platform>
        <language>de en</language>
        <license>MIT</license>
        <source>https://github.com/codingPF/plugin.video.newsApp</source>
        <email>j-doo@gmx.d</email>
        <assets>
            <icon>resources/icon.png</icon>
            <fanart>resources/fanart.jpg</fanart>
            <screenshot>resources/screenshot1.png</screenshot>
        </assets>
    </extension>
</addon>