<?xml version="1.0" encoding="UTF-8" standalone="yes"?>
<addon id="plugin.video.newsApp" name="News App" version="1.2.5" provider-name="codingPF">
  <requires>
    <import addon="xbmc.python" version="3.0.0"/>
    <import addon="script.module.ckfw" version="1.0.1"/>
  </requires>
  <extension point="xbmc.python.pluginsource" library="addon.py">
    <provides>video</provides>
  </extension>
  <extension point="xbmc.addon.metadata">
    <summary lang="de_DE">News App</summary>
    <summary lang="en_GB">News App</summary>
    <description lang="de_DE">News aus der Tagesschau App und ZDF Heute App</description>
    <description lang="en_GB">News from Tagessschau App and ZDF Heute App</description>
    <news>
v1.2.5
- fix missing duration ARD
- fix typo ZDF
v1.2.1 / 1.2.2 / 1.2.3 / 1.2.4
- Minor fixes and host update
v1.2.0
- Kodi21 and move to framework
v1.1.4
- new build script
v1.1.3
- fix for Ard missing title
- move icons to own folder
v1.1.2
- fix for Zdf Images
v1.1.1
- Source code cleanup
v1.1.0
- Update ARD API
- Cleanup ZDF
v1.0.7
- missing import
v1.0.6
- live stream replay issue
v1.0.5 
- update to https for dpTagesschau
v1.0.4 
- fix python 3, code cleanup, lower case ard.pgn
v1.0.3 
- added ARD Folder
v1.0.2 
- added ZDF Folder
v1.0.1 
- fix for Kodi19 binary download issue
		</news>
    <platform>all</platform>
    <language>de en</language>
    <license>MIT</license>
    <source>https://github.com/codingPF/plugin.video.newsApp</source>
    <email>j-doo@gmx.d</email>
    <assets>
      <icon>resources/icon.png</icon>
      <fanart>resources/fanart.jpg</fanart>
      <screenshot>resources/screenshot1.png</screenshot>
    </assets>
  </extension>
</addon>
