<?xml version="1.0" encoding="UTF-8" standalone="yes"?>
<addon id="plugin.video.sportschauApp" name="Sportschau App" version="1.0.0" provider-name="codingPF">
  <requires>
    <import addon="xbmc.python" version="2.25.0"/>
  </requires>
  <extension point="xbmc.python.pluginsource" library="addon.py">
    <provides>video</provides>
  </extension>
  <extension point="xbmc.addon.metadata">
    <summary lang="de_DE">News App</summary>
    <summary lang="en_GB">News App</summary>
    <description lang="de_DE">Inhalte aus der Sportschau</description>
    <description lang="en_GB">News from Sportschau</description>
    <news>
v1.0.0 
- build
		</news>
    <platform>all</platform>
    <language>de en</language>
    <license>MIT</license>
    <source>https://github.com/codingPF/plugin.video.sportschauApp</source>
    <email>j-doo@gmx.d</email>
    <assets>
      <icon>resources/icon.png</icon>
      <fanart>resources/fanart.jpg</fanart>
      <screenshot>resources/screenshot1.jpg</screenshot>
      <screenshot>resources/screenshot2.jpg</screenshot>
    </assets>
  </extension>
</addon>
