<?xml version="1.0" encoding="utf-8"?>
<addon id="plugin.audio.spotify" version="1.3.11" name="Spotify" provider-name="glk1001">
  <requires>
    <import addon="xbmc.python" version="3.0.0"/>
    <import addon="xbmc.addon" version="18.9.701"/>
    <import addon="script.module.certifi" version="2023.5.7"/>
    <import addon="script.module.chardet" version="5.1.0"/>
    <import addon="script.module.idna" version="3.4.0"/>
    <import addon="script.module.requests" version="2.31.0"/>
    <import addon="script.module.urllib3" version="1.26.16"/>
  </requires>
  <extension point="xbmc.python.pluginsource" library="plugin.py">
    <provides>audio</provides>
  </extension>
  <extension library="service.py" point="xbmc.service"/>
  <extension point="xbmc.addon.metadata">
    <platform>all</platform>
    <summary lang="en_GB">Unofficial Spotify music plugin for Kodi</summary>
    <description lang="en_GB">Allows you to use your Spotify premium account to connect and play Spotify through Kodi.</description>
    <disclaimer lang="en_GB">This product uses the SPOTIFY WEB API but is not endorsed, certified or otherwise approved in any way by Spotify. Spotify is the registered trademark of Spotify AB.</disclaimer>
    <source>https://github.com/glk1001/plugin.audio.spotify</source>
    <website>https://github.com/glk1001/glk1001.github.io</website>
    <news>v1.3.11 (2024-08-20)
Fixed 'all albums' for artist menu. Added extra artist track options. Cleaned menus.
1.3.10: Replaced 'user/password' authentication with zeroconf authentication.
        </news>
    <assets>
      <icon>resources/icon.png</icon>
      <fanart>resources/fanart.jpg</fanart>
    </assets>
  </extension>
</addon>
