<?xml version="1.0" encoding="UTF-8" standalone="yes"?>
<addon id="plugin.audio.audiothekBrowser"
    name="Audiothek Browser"
    version="1.2.0"
    provider-name="CodingPF">
    <requires>
        <import addon="xbmc.python" version="3.0.0"/>
    </requires>
    <extension
        point="xbmc.python.pluginsource"
        library="addon.py">
        <provides>audio</provides>
    </extension>
    <extension point="xbmc.addon.metadata">
        <summary lang="de_DE">Audiothek Browser</summary>
        <summary lang="en_GB">Audiothek Browser</summary>
        <description lang="de_DE">Ein Kodi Plugin um die ARD Audiothek in Kodi zu durchsuchen</description>
        <description lang="en_GB">Browse the ARD Audiothek on Kodi</description>
        <news>Work in progress</news>
        <platform>all</platform>
        <language>de en</language>
        <license>MIT</license>
        <source>https://github.com/codingPF/plugin.audio.audiothekBrowser</source>
        <email>j-doo@gmx.de</email>
        <assets>
            <icon>resources/icon.png</icon>
            <fanart>resources/fanart.jpg</fanart>
            <screenshot>resources/screenshot1.png</screenshot>
            <screenshot>resources/screenshot2.png</screenshot>
            <screenshot>resources/screenshot3.png</screenshot>
        </assets>
    </extension>
</addon>

