<?xml version="1.0" encoding="UTF-8" standalone="yes"?>
<addon id="repository.codingPF" name="repository.codingPF" version="1.1.0" provider-name="codingPF">
    <extension point="xbmc.addon.repository" name="Example Repository">
        <dir>
            <info compressed="false">https://raw.githubusercontent.com/codingPF/repository.codingPF/main/repo/zips/addons.xml</info>
            <checksum>https://raw.githubusercontent.com/codingPF/repository.codingPF/main/repo/zips/addons.xml.md5</checksum>
            <datadir zip="true">https://raw.githubusercontent.com/codingPF/repository.codingPF/main/repo/zips/</datadir>
        </dir>
		<dir minversion="17.9.910" maxversion="18.9.700">
		    <info compressed="false">https://raw.githubusercontent.com/codingPF/repository.codingPF/main/leia/zips/addons.xml</info>
		    <checksum>https://raw.githubusercontent.com/codingPF/repository.codingPF/main/leia/zips/addons.xml.md5</checksum>
		    <datadir zip="true">https://raw.githubusercontent.com/codingPF/repository.codingPF/main/leia/zips/</datadir>
		</dir>
		<dir minversion="18.9.701" maxversion="19.9.700">
		    <info compressed="false">https://raw.githubusercontent.com/codingPF/repository.codingPF/main/matrix/zips/addons.xml</info>
		    <checksum>https://raw.githubusercontent.com/codingPF/repository.codingPF/main/matrix/zips/addons.xml.md5</checksum>
		    <datadir zip="true">https://raw.githubusercontent.com/codingPF/repository.codingPF/main/matrix/zips/</datadir>
		</dir>
		<dir minversion="19.9.701" maxversion="20.9.700">
		    <info compressed="false">https://raw.githubusercontent.com/codingPF/repository.codingPF/main/nexus/zips/addons.xml</info>
		    <checksum>https://raw.githubusercontent.com/codingPF/repository.codingPF/main/nexus/zips/addons.xml.md5</checksum>
		    <datadir zip="true">https://raw.githubusercontent.com/codingPF/repository.codingPF/main/nexus/zips/</datadir>
		</dir>
    </extension>
    <extension point="xbmc.addon.metadata">
        <summary>repository.codingPF</summary>
        <description>My Kodi Plugins</description>
        <disclaimer></disclaimer>
        <platform>all</platform>
        <assets>
            <icon>icon.png</icon>
            <fanart>fanart.jpg</fanart>
        </assets>
    </extension>
</addon>